{
  "pdr_mean": 0.004945939728548424,
  "pdr_std": 0.007200037328571225,
  "delay_mean": 0.04266666666666667,
  "delay_std": 0.05293182197674456,
  "hops_mean": 0.8,
  "hops_std": 0.9797958971132712,
  "tx_j_mean": 0.12137648122321817,
  "tx_j_std": 0.009715521799159844,
  "rx_j_mean": 0.10097152000000349,
  "rx_j_std": 0.005563982587464115,
  "cpu_j_mean": 0.016843999999999665,
  "cpu_j_std": 0.0006796940488190563,
  "ctrl_hello_mean": 9760,
  "ctrl_hello_std": 774.8032008194081,
  "ctrl_cluster_mean": 488,
  "ctrl_cluster_std": 38.7401600409704,
  "ctrl_routing_mean": 976,
  "ctrl_routing_std": 77.4803200819408,
  "ctrl_trust_mean": 488,
  "ctrl_trust_std": 38.7401600409704,
  "nodes": 50,
  "noise": 0.2,
  "proto": "heed"
}