{
  "pdr_mean": 0.12349658365274792,
  "pdr_std": 0.01771379098702154,
  "delay_mean": 0.06694285714285714,
  "delay_std": 0.002657142857142872,
  "hops_mean": 2.0,
  "hops_std": 0.0,
  "tx_j_mean": 0.4891979525008365,
  "tx_j_std": 0.009033301865214727,
  "rx_j_mean": 0.41861120000017527,
  "rx_j_std": 0.010323200000012467,
  "cpu_j_mean": 0.07449000000000242,
  "cpu_j_std": 0.0001399999999998902,
  "ctrl_hello_mean": 41600,
  "ctrl_hello_std": 1440.0,
  "ctrl_cluster_mean": 2080,
  "ctrl_cluster_std": 72.0,
  "ctrl_routing_mean": 4160,
  "ctrl_routing_std": 144.0,
  "ctrl_trust_mean": 1560,
  "ctrl_trust_std": 54.0,
  "nodes": 50,
  "noise": 0.0,
  "proto": "leach"
}