{
  "pdr_mean": 0.24005118431606984,
  "pdr_std": 0.032680188845945514,
  "delay_mean": 0.05813151130375464,
  "delay_std": 0.001957684408820581,
  "hops_mean": 2.259073152613487,
  "hops_std": 0.14906382058227183,
  "tx_j_mean": 0.16382952511033536,
  "tx_j_std": 0.01029687214120493,
  "rx_j_mean": 0.3891660800001894,
  "rx_j_std": 0.011559144445595124,
  "cpu_j_mean": 0.035636000000000195,
  "cpu_j_std": 0.0016948581061549176,
  "ctrl_hello_mean": 40864,
  "ctrl_hello_std": 1539.5791632780692,
  "ctrl_cluster_mean": 2043.2,
  "ctrl_cluster_std": 76.97895816390347,
  "ctrl_routing_mean": 4086.4,
  "ctrl_routing_std": 153.95791632780694,
  "ctrl_trust_mean": 2043.2,
  "ctrl_trust_std": 76.97895816390347,
  "nodes": 100,
  "noise": 0.2,
  "proto": "greedy"
}