{
  "energy_consumption": [
    1488.6463323787725,
    1507.5586436326103,
    1526.5504817852714,
    1542.9039208233835,
    1559.588006526741,
    1576.190290173117,
    1594.0863390157142,
    1612.316690433201,
    1629.0629361002773,
    1646.0182785482136,
    1664.0323598377831,
    1679.9407003090707,
    1697.6909673465964,
    1714.4043592127618,
    1734.1219401031815,
    1752.7989544777802,
    1768.8834038305095,
    1786.349616517742,
    1804.3733458110005,
    1821.392547981447,
    1839.392466162561,
    1855.5263498159234,
    1870.887727560144,
    1887.3279592400795,
    1904.2596988203563,
    1921.6333256052949,
    1939.6376850606378,
    1956.4919691493892,
    1972.0417340036645,
    1989.3883493779188,
    2006.1302863330845,
    2023.6603912410515,
    2042.8935577205038,
    2055.4879463393027,
    2072.819865930505,
    2087.905907100952,
    2103.984207888443,
    2121.4083521828875,
    2136.8130743108704,
    2153.0946911943593,
    2171.9791148217887,
    2186.1497332378335,
    2202.8948473876203,
    2219.4179383210694,
    2232.989712303208,
    2248.5248340588755,
    2263.040286344757,
    2277.5429754982365,
    2290.8127215651116,
    2304.6713459074576,
    2318.285953928229,
    2331.557049077019,
    2342.6121421156445,
    2351.327605650929,
    2360.931733281104,
    2369.6235711560207,
    2380.6586022626207,
    2391.59790210531,
    2399.460523140626,
    2409.28164102567
  ],
  "prediction_accuracy": [
    0.85,
    0.85,
    0.85,
    0.85,
    0.85,
    0.85,
    0.85,
    0.85,
    0.85,
    0.85,
    0.85,
    0.85,
    0.85,
    0.85,
    0.85,
    0.85,
    0.85,
    0.85,
    0.85,
    0.85,
    0.85,
    0.85,
    0.85,
    0.85,
    0.85,
    0.85,
    0.85,
    0.85,
    0.85,
    0.85,
    0.85,
    0.85,
    0.85,
    0.85,
    0.85,
    0.85,
    0.85,
    0.85,
    0.85,
    0.85,
    0.85,
    0.85,
    0.85,
    0.85,
    0.85,
    0.85,
    0.85,
    0.85,
    0.85,
    0.85,
    0.85,
    0.85,
    0.85,
    0.85,
    0.85,
    0.85,
    0.85,
    0.85,
    0.85,
    0.85
  ],
  "routing_efficiency": [
    0.8282135255666866,
    0.8148726445152755,
    0.79408168767303,
    0.7934547843659829,
    0.7740844760660249,
    0.8095370309621057,
    0.8081754942789516,
    0.7781398904342134,
    0.7955313957773518,
    0.7777905974039826,
    0.8069808961555726,
    0.7862975379527136,
    0.7626114345005796,
    0.7792911689916904,
    0.8063852744125507,
    0.7787758389498395,
    0.8382338448356552,
    0.8112018729684127,
    0.8023976404981847,
    0.7483266045839174,
    0.8133902357263452,
    0.7935506891510143,
    0.8020488747096559,
    0.7950455343278388,
    0.8262120926958587,
    0.8388479468200345,
    0.7845462327549781,
    0.8244982895809357,
    0.770545170443273,
    0.7989016989114833,
    0.8327998937139807,
    0.8192890185712309,
    0.8687920528287564,
    0.7944181390352385,
    0.8323523768120885,
    0.8075241053267324,
    0.8004018378642589,
    0.7953077328862266,
    0.8024237246703455,
    0.8495631492563658,
    0.8172921053955196,
    0.8223367779354113,
    0.8090045757893566,
    0.8011927783674707,
    0.83981181430709,
    0.7920011954608248,
    0.8356081996809244,
    0.8083076409018481,
    0.795891845357334,
    0.8230367015218167,
    0.8240877223541063,
    0.7903806286373848,
    0.8134861034983342,
    0.7933845381417838,
    0.7912744328490351,
    0.8131805013254414,
    0.8158458528217147,
    0.7999497367189201,
    0.8099437151366975,
    0.7784620070444006
  ],
  "network_lifetime": [],
  "lstm_predictions": [
    0.85,
    0.85,
    0.85,
    0.85,
    0.85,
    0.85,
    0.85,
    0.85,
    0.85,
    0.85,
    0.85,
    0.85,
    0.85,
    0.85,
    0.85,
    0.85,
    0.85,
    0.85,
    0.85,
    0.85,
    0.85,
    0.85,
    0.85,
    0.85,
    0.85,
    0.85,
    0.85,
    0.85,
    0.85,
    0.85,
    0.85,
    0.85,
    0.85,
    0.85,
    0.85,
    0.85,
    0.85,
    0.85,
    0.85,
    0.85,
    0.85,
    0.85,
    0.85,
    0.85,
    0.85,
    0.85,
    0.85,
    0.85,
    0.85,
    0.85,
    0.85,
    0.85,
    0.85,
    0.85,
    0.85,
    0.85,
    0.85,
    0.85,
    0.85,
    0.85
  ],
  "gat_features": [
    0.05289743095636368,
    0.052767008543014526,
    0.052675165235996246,
    0.052803292870521545,
    0.05287648364901543,
    0.05284244567155838,
    0.052887458354234695,
    0.05285361781716347,
    0.053019728511571884,
    0.05278865993022919,
    0.052787140011787415,
    0.0528564453125,
    0.05278658866882324,
    0.052887991070747375,
    0.05277116596698761,
    0.05280492827296257,
    0.05280881002545357,
    0.05283074453473091,
    0.0529508963227272,
    0.05284322798252106,
    0.05285842344164848,
    0.05290427803993225,
    0.05285109579563141,
    0.052896905690431595,
    0.05295775458216667,
    0.05270058661699295,
    0.052801717072725296,
    0.05291382968425751,
    0.0528123565018177,
    0.052902642637491226,
    0.05284374579787254,
    0.05286174640059471,
    0.052752744406461716,
    0.052828751504421234,
    0.05290758237242699,
    0.05285713076591492,
    0.052706729620695114,
    0.05281819403171539,
    0.05289348587393761,
    0.052802737802267075,
    0.05289898067712784,
    0.052957404404878616,
    0.052771881222724915,
    0.0526789054274559,
    0.0529545396566391,
    0.052821602672338486,
    0.052786845713853836,
    0.05286052078008652,
    0.05288297310471535,
    0.052890077233314514,
    0.052783574908971786,
    0.05289405211806297,
    0.05275262892246246,
    0.05293342471122742,
    0.0528150238096714,
    0.052842237055301666,
    0.05287957563996315,
    0.052797965705394745,
    0.05277807265520096,
    0.05284393951296806
  ],
  "dqn_rewards": [
    76.0286043764549,
    76.53808666648285,
    76.4182724172295,
    76.22941045199023,
    76.10939081721378,
    76.13253719041941,
    76.32244067623579,
    76.08048882781446,
    75.95433609713352,
    76.1933305330646,
    76.14368254079378,
    76.29501588474574,
    75.85590060526968,
    76.05428607135686,
    76.32367460452829,
    76.35784219617278,
    76.21523337753698,
    76.57429459544102,
    76.1919637585497,
    76.31913809712333,
    76.4803349635001,
    76.20346161335232,
    76.39885499124591,
    76.03366716199749,
    76.23962093580637,
    76.31789438783416,
    76.01647995947155,
    76.33492551948972,
    76.05953839274733,
    76.3681783332718,
    76.39462981195749,
    76.28704604311083,
    76.30138589527886,
    76.54484623452392,
    76.44154505600125,
    76.50320222328627,
    76.79942044262629,
    76.071745677829,
    76.11042689140413,
    76.46690223217446,
    76.09230699538658,
    76.1589853517697,
    76.33625944360276,
    76.25313498721839,
    76.4775687334683,
    76.32582868951998,
    76.40110706138785,
    76.25381390258806,
    76.25842964058812,
    76.32023472132163,
    76.3518301034167,
    76.37571435237776,
    67.21663132578745,
    70.07091403257304,
    70.3322346928988,
    67.61478380575375,
    70.23741424334284,
    61.38427930135539,
    46.46855381830318,
    67.0899209674493,
    64.51055534796896,
    55.271235399333705,
    64.09813323811562,
    58.50449407058466,
    49.285726615862174,
    55.26012037766647,
    64.64156272151948,
    61.28897439066506,
    49.62300781033088,
    67.17814414617881,
    55.40859988909172,
    55.3485867706482,
    52.254829480237696,
    55.49158892975333,
    67.25796338840598,
    61.31788978013798,
    61.58223976990052,
    67.37961444720513,
    61.346069606271385,
    40.52684589223969
  ]
}