{
  "lstm_losses": [
    0.9517702261606852,
    0.9222604632377625,
    0.8917675614356995,
    0.8558282852172852,
    0.83211616675059,
    0.7902989586194357,
    0.757636308670044,
    0.7336880167325338,
    0.7038846214612325,
    0.6587396860122681,
    0.6414317985375723,
    0.610926071802775,
    0.5798179805278778,
    0.5669090549151102,
    0.5531234641869863,
    0.5395395557085673,
    0.5315305391947428,
    0.5221861302852631,
    0.5044368704160055,
    0.49047653873761493,
    0.48255112767219543,
    0.4692355891068776,
    0.4555983642737071,
    0.44656752546628314,
    0.43627185622851056,
    0.4279398520787557,
    0.41231732567151386,
    0.4074416955312093,
    0.39793702960014343,
    0.3844260672728221
  ],
  "data_source": "Intel Berkeley Lab (Memory Optimized)",
  "training_samples": 1870,
  "nodes_used": 17
}