{
  "pdr_mean": 0.0038591320467824077,
  "pdr_std": 0.0037059157044700437,
  "delay_mean": 0.04866666666666667,
  "delay_std": 0.04042001704326432,
  "hops_mean": 1.2,
  "hops_std": 0.9797958971132712,
  "tx_j_mean": 0.2512957208529652,
  "tx_j_std": 0.02056188051461777,
  "rx_j_mean": 0.37497344000017446,
  "rx_j_std": 0.013275474567763774,
  "cpu_j_mean": 0.03480800000000034,
  "cpu_j_std": 0.0013612699952615856,
  "ctrl_hello_mean": 40864,
  "ctrl_hello_std": 1539.5791632780692,
  "ctrl_cluster_mean": 2043.2,
  "ctrl_cluster_std": 76.97895816390347,
  "ctrl_routing_mean": 4086.4,
  "ctrl_routing_std": 153.95791632780694,
  "ctrl_trust_mean": 2043.2,
  "ctrl_trust_std": 76.97895816390347,
  "nodes": 100,
  "noise": 0.2,
  "proto": "heed"
}