mote_id,path_len,pdr_exp,delay_s,gen_count,tx_j_data,rx_j_data,cpu_j_data,ctrl_hello,ctrl_cluster,ctrl_routing,ctrl_trust,ctrl_tx_j,ctrl_rx_j,ctrl_cpu_j,tx_j_total,rx_j_total,cpu_j_total
1,1,0.6,0.02,20,0.001028096,0.001024,0.0001,3,3,3,3,3.3687037845062876e-05,0.0001008,2e-05,0.001061783037845063,0.0011248,0.00012
2,1,0.6,0.02,20,0.0010260479999999999,0.001024,0.0001,4,4,4,4,3.3667199999999995e-05,0.00013440000000000001,2e-05,0.0010597152,0.0011584,0.00012
3,1,0.6,0.02,20,0.001028096,0.001024,0.0001,3,3,3,3,3.3687037845062876e-05,0.0001008,2e-05,0.001061783037845063,0.0011248,0.00012
4,1,0.6,0.02,20,0.0010342399999999999,0.001024,0.0001,4,4,4,4,3.371514891303299e-05,0.00013440000000000001,2e-05,0.001067955148913033,0.0011584,0.00012
5,1,0.6,0.02,20,0.001032192,0.001024,0.0001,5,5,5,5,3.3696768e-05,0.000168,2e-05,0.0010658887679999998,0.0011920000000000001,0.00012
6,1,0.6,0.02,20,0.0010342399999999999,0.001024,0.0001,4,4,4,4,3.371514891303299e-05,0.00013440000000000001,2e-05,0.001067955148913033,0.0011584,0.00012
7,1,0.6,0.02,20,0.00104448,0.001024,0.0001,3,3,3,3,3.3798980026117026e-05,0.0001008,2e-05,0.0010782789800261171,0.0011248,0.00012
8,1,0.6,0.02,20,0.001042432,0.001024,0.0001,4,4,4,4,3.3751199999999996e-05,0.00013440000000000001,2e-05,0.0010761832,0.0011584,0.00012
9,1,0.6,0.02,20,0.00104448,0.001024,0.0001,3,3,3,3,3.3798980026117026e-05,0.0001008,2e-05,0.0010782789800261171,0.0011248,0.00012
