{
  "pdr_mean": 0.3366251167518474,
  "pdr_std": 0.02647472980080991,
  "delay_mean": 0.05851143924931473,
  "delay_std": 0.0007634736380836065,
  "hops_mean": 2.6631587945479263,
  "hops_std": 0.09438388260381042,
  "tx_j_mean": 3.155193006829696,
  "tx_j_std": 0.07311242130818016,
  "rx_j_mean": 14.45127936023532,
  "rx_j_std": 0.3767058212206764,
  "cpu_j_mean": 0.7416320000005205,
  "cpu_j_std": 0.00921421163206448,
  "ctrl_hello_mean": 1658720,
  "ctrl_hello_std": 49862.78772792392,
  "ctrl_cluster_mean": 82936,
  "ctrl_cluster_std": 2493.1393863961957,
  "ctrl_routing_mean": 165872,
  "ctrl_routing_std": 4986.2787727923915,
  "ctrl_trust_mean": 58055.2,
  "ctrl_trust_std": 1745.1975704773372,
  "nodes": 200,
  "noise": 0.2,
  "proto": "trusthr"
}