{
  "pdr_mean": 0.042613739859119544,
  "pdr_std": 0.011140144104299752,
  "delay_mean": 0.07491709401709402,
  "delay_std": 0.004368853895440406,
  "hops_mean": 2.0,
  "hops_std": 0.0,
  "tx_j_mean": 0.2703937462602723,
  "tx_j_std": 0.016247783847122235,
  "rx_j_mean": 0.37286400000017095,
  "rx_j_std": 0.013679255259295819,
  "cpu_j_mean": 0.035388000000000246,
  "cpu_j_std": 0.0011324733992459258,
  "ctrl_hello_mean": 40864,
  "ctrl_hello_std": 1539.5791632780692,
  "ctrl_cluster_mean": 2043.2,
  "ctrl_cluster_std": 76.97895816390347,
  "ctrl_routing_mean": 4086.4,
  "ctrl_routing_std": 153.95791632780694,
  "ctrl_trust_mean": 2043.2,
  "ctrl_trust_std": 76.97895816390347,
  "nodes": 100,
  "noise": 0.0,
  "proto": "heed"
}