{
  "pdr_mean": 0.32557005003218326,
  "pdr_std": 0.022515016512485258,
  "delay_mean": 0.05910108323049497,
  "delay_std": 0.002606998560513204,
  "hops_mean": 2.2406468041762158,
  "hops_std": 0.07224997549205173,
  "tx_j_mean": 0.1628620999030121,
  "tx_j_std": 0.007948920937118797,
  "rx_j_mean": 0.38735360000019037,
  "rx_j_std": 0.011854241640213179,
  "cpu_j_mean": 0.03560000000000019,
  "cpu_j_std": 0.0014985860002012668,
  "ctrl_hello_mean": 40864,
  "ctrl_hello_std": 1539.5791632780692,
  "ctrl_cluster_mean": 2043.2,
  "ctrl_cluster_std": 76.97895816390347,
  "ctrl_routing_mean": 4086.4,
  "ctrl_routing_std": 153.95791632780694,
  "ctrl_trust_mean": 2043.2,
  "ctrl_trust_std": 76.97895816390347,
  "nodes": 100,
  "noise": 0.0,
  "proto": "greedy"
}