{
  "pdr_mean": 0.09981940216768288,
  "pdr_std": 0.01450964626195347,
  "delay_mean": 0.06963029754707183,
  "delay_std": 0.0014014754656292215,
  "hops_mean": 2.0,
  "hops_std": 0.0,
  "tx_j_mean": 5.0450573804499825,
  "tx_j_std": 0.11739127656830532,
  "rx_j_mean": 13.953021440240276,
  "rx_j_std": 0.408079895377821,
  "cpu_j_mean": 0.7374800000004994,
  "cpu_j_std": 0.007950506902107543,
  "ctrl_hello_mean": 1658720,
  "ctrl_hello_std": 49862.78772792392,
  "ctrl_cluster_mean": 82936,
  "ctrl_cluster_std": 2493.1393863961957,
  "ctrl_routing_mean": 165872,
  "ctrl_routing_std": 4986.2787727923915,
  "ctrl_trust_mean": 58055.2,
  "ctrl_trust_std": 1745.1975704773372,
  "nodes": 200,
  "noise": 0.0,
  "proto": "heed"
}