{
  "pdr_mean": 0.11849024774612626,
  "pdr_std": 0.014276501679556915,
  "delay_mean": 0.07308945086993872,
  "delay_std": 0.0038331921299293217,
  "hops_mean": 2.0,
  "hops_std": 0.0,
  "tx_j_mean": 0.26066851010615494,
  "tx_j_std": 0.026090298687449377,
  "rx_j_mean": 0.37393920000017017,
  "rx_j_std": 0.012334805524562852,
  "cpu_j_mean": 0.039219999999999575,
  "cpu_j_std": 0.0019943119114117706,
  "ctrl_hello_mean": 40864,
  "ctrl_hello_std": 1539.5791632780692,
  "ctrl_cluster_mean": 2043.2,
  "ctrl_cluster_std": 76.97895816390347,
  "ctrl_routing_mean": 4086.4,
  "ctrl_routing_std": 153.95791632780694,
  "ctrl_trust_mean": 2043.2,
  "ctrl_trust_std": 76.97895816390347,
  "nodes": 100,
  "noise": 0.0,
  "proto": "leach"
}