Algorithm,Configuration,energy_efficiency,network_lifetime,routing_success_rate,average_latency,convergence_speed,computational_complexity,adaptability,explainability,throughput,scalability
AFW-RL,default,0.0,0,0.0,0.0,0,0.0009493342152348271,0.0,0.7,,
GNN-CTO,default,0.15518652434551494,0,1.0,0.30000000000000004,100,0.049206402566697865,,0.6,3.3870931011620855,1.0
ILMR,default,0.2371846862152434,198,0.9090909090909091,0.2672222222222222,50,0.2487446599536472,,0.09335430941370346,13.400622686551301,1.0
EEHFR-Baseline,default,0.9977919581244051,0,0.8,0.5,100,0.2219562707123933,,0.4,540.0,0.7
