setting,total_energy,avg_sod_ratio,final_alive
sod_off,0.2970964792054212,1.0,30
sod_on,0.04766655930437617,0.17722222222222223,30
