{
  "pdr_mean": 0.2785622582788299,
  "pdr_std": 0.03161814797483051,
  "delay_mean": 0.06048591440174944,
  "delay_std": 0.002961300382953489,
  "hops_mean": 2.547491721337082,
  "hops_std": 0.220563502490572,
  "tx_j_mean": 0.15903585247441562,
  "tx_j_std": 0.009675273754221982,
  "rx_j_mean": 0.39157248000018824,
  "rx_j_std": 0.010940965305589348,
  "cpu_j_mean": 0.03691199999999998,
  "cpu_j_std": 0.0019465908661038327,
  "ctrl_hello_mean": 40864,
  "ctrl_hello_std": 1539.5791632780692,
  "ctrl_cluster_mean": 2043.2,
  "ctrl_cluster_std": 76.97895816390347,
  "ctrl_routing_mean": 4086.4,
  "ctrl_routing_std": 153.95791632780694,
  "ctrl_trust_mean": 2043.2,
  "ctrl_trust_std": 76.97895816390347,
  "nodes": 100,
  "noise": 0.2,
  "proto": "trusthr"
}