{
  "pdr_mean": 0.40438300294537405,
  "pdr_std": 0.0303437544927121,
  "delay_mean": 0.05972489073271234,
  "delay_std": 0.0009682630396037873,
  "hops_mean": 2.620405288736162,
  "hops_std": 0.10204405746811972,
  "tx_j_mean": 3.1651567681476953,
  "tx_j_std": 0.0964995189524312,
  "rx_j_mean": 14.424634880235285,
  "rx_j_std": 0.3661829167040531,
  "cpu_j_mean": 0.7420920000005176,
  "cpu_j_std": 0.01303289745225252,
  "ctrl_hello_mean": 1658720,
  "ctrl_hello_std": 49862.78772792392,
  "ctrl_cluster_mean": 82936,
  "ctrl_cluster_std": 2493.1393863961957,
  "ctrl_routing_mean": 165872,
  "ctrl_routing_std": 4986.2787727923915,
  "ctrl_trust_mean": 58055.2,
  "ctrl_trust_std": 1745.1975704773372,
  "nodes": 200,
  "noise": 0.0,
  "proto": "trusthr"
}