{
  "n_motes": 52,
  "total_gen": 1540512,
  "pdr_mean": 0.562556493876963,
  "delay_mean": 0.02,
  "tx_j_sum_data": 78.8742144,
  "rx_j_sum_data": 78.8742144,
  "cpu_j_sum_data": 7.702560000000001,
  "ctrl_hello_sum": 3727430538,
  "ctrl_cluster_sum": 186373572,
  "ctrl_routing_sum": 372744738,
  "ctrl_trust_sum": 124248246,
  "ctrl_tx_j_sum": 1101.4971004888807,
  "ctrl_rx_j_sum": 29819.4828,
  "ctrl_cpu_j_sum": 476.6447400000001,
  "tx_j_sum_total": 1180.3713148888805,
  "rx_j_sum_total": 29898.3570144,
  "cpu_j_sum_total": 484.3473000000001
}