{
  "n_motes": 52,
  "total_gen": 1540512,
  "pdr_mean": 0.6293646848893285,
  "delay_mean": 0.03455458964292391,
  "tx_j_sum_data": 145.4349892608,
  "rx_j_sum_data": 136.27330560000001,
  "cpu_j_sum_data": 13.30794,
  "ctrl_hello_sum": 3727430538,
  "ctrl_cluster_sum": 186373572,
  "ctrl_routing_sum": 372744738,
  "ctrl_trust_sum": 124248246,
  "ctrl_tx_j_sum": 1101.4971004888807,
  "ctrl_rx_j_sum": 29819.4828,
  "ctrl_cpu_j_sum": 476.6447400000001,
  "tx_j_sum_total": 1246.9320897496807,
  "rx_j_sum_total": 29955.7561056,
  "cpu_j_sum_total": 489.95268000000004
}