{
  "pdr_mean": 0.19878102841495607,
  "pdr_std": 0.01860142401045139,
  "delay_mean": 0.06623169124702624,
  "delay_std": 0.000896121227362298,
  "hops_mean": 2.0,
  "hops_std": 0.0,
  "tx_j_mean": 4.815271313406044,
  "tx_j_std": 0.15483736242132748,
  "rx_j_mean": 13.984427520239935,
  "rx_j_std": 0.4012845309033901,
  "cpu_j_mean": 0.7968640000006443,
  "cpu_j_std": 0.0063276965793435756,
  "ctrl_hello_mean": 1658720,
  "ctrl_hello_std": 49862.78772792392,
  "ctrl_cluster_mean": 82936,
  "ctrl_cluster_std": 2493.1393863961957,
  "ctrl_routing_mean": 165872,
  "ctrl_routing_std": 4986.2787727923915,
  "ctrl_trust_mean": 58055.2,
  "ctrl_trust_std": 1745.1975704773372,
  "nodes": 200,
  "noise": 0.0,
  "proto": "leach"
}