{
  "n_motes": 52,
  "total_gen": 1540512,
  "pdr_mean": 0.5630001591938809,
  "delay_mean": 0.02285819260090152,
  "tx_j_sum_data": 90.1460992,
  "rx_j_sum_data": 90.1460992,
  "cpu_j_sum_data": 8.80333,
  "ctrl_hello_sum": 15707,
  "ctrl_cluster_sum": 15707,
  "ctrl_routing_sum": 74152,
  "ctrl_trust_sum": 37774,
  "ctrl_tx_j_sum": 0.04354697883937196,
  "ctrl_rx_j_sum": 1.2071584000000002,
  "ctrl_cpu_j_sum": 0.015164999999999998,
  "tx_j_sum_total": 90.18964617883938,
  "rx_j_sum_total": 91.35325760000002,
  "cpu_j_sum_total": 8.818494999999999
}