{
  "n_motes": 52,
  "total_gen": 1540512,
  "pdr_mean": 0.584759130634856,
  "delay_mean": 0.03455458964292391,
  "tx_j_sum_data": 136.27330560000001,
  "rx_j_sum_data": 136.27330560000001,
  "cpu_j_sum_data": 13.30794,
  "ctrl_hello_sum": 15707,
  "ctrl_cluster_sum": 15707,
  "ctrl_routing_sum": 74152,
  "ctrl_trust_sum": 37774,
  "ctrl_tx_j_sum": 0.04354697883937196,
  "ctrl_rx_j_sum": 1.2071584000000002,
  "ctrl_cpu_j_sum": 0.015164999999999998,
  "tx_j_sum_total": 136.3168525788394,
  "rx_j_sum_total": 137.480464,
  "cpu_j_sum_total": 13.323105
}