{
  "n_motes": 52,
  "total_gen": 1540512,
  "pdr_mean": 0.31062237325263414,
  "delay_mean": 0.0449384750005193,
  "tx_j_sum_data": 177.2243456,
  "rx_j_sum_data": 177.2243456,
  "cpu_j_sum_data": 17.307065,
  "ctrl_hello_sum": 15707,
  "ctrl_cluster_sum": 15707,
  "ctrl_routing_sum": 74152,
  "ctrl_trust_sum": 37774,
  "ctrl_tx_j_sum": 0.04354697883937196,
  "ctrl_rx_j_sum": 1.2071584000000002,
  "ctrl_cpu_j_sum": 0.015164999999999998,
  "tx_j_sum_total": 177.2678925788394,
  "rx_j_sum_total": 178.431504,
  "cpu_j_sum_total": 17.32223
}