{
  "n_motes": 52,
  "total_gen": 1540512,
  "pdr_mean": 0.6288284277334569,
  "delay_mean": 0.02360904686234187,
  "tx_j_sum_data": 93.1072512,
  "rx_j_sum_data": 93.1072512,
  "cpu_j_sum_data": 9.092505000000001,
  "ctrl_hello_sum": 15707,
  "ctrl_cluster_sum": 15707,
  "ctrl_routing_sum": 74152,
  "ctrl_trust_sum": 37774,
  "ctrl_tx_j_sum": 0.04354697883937196,
  "ctrl_rx_j_sum": 1.2071584000000002,
  "ctrl_cpu_j_sum": 0.015164999999999998,
  "tx_j_sum_total": 93.15079817883938,
  "rx_j_sum_total": 94.31440960000002,
  "cpu_j_sum_total": 9.107669999999999
}