{
  "pdr_mean": 0.24214246767678696,
  "pdr_std": 0.019243270234769766,
  "delay_mean": 0.05915046620046623,
  "delay_std": 0.004658263423078257,
  "hops_mean": 2.5105749805749804,
  "hops_std": 0.21877381075280528,
  "tx_j_mean": 0.08048266381324999,
  "tx_j_std": 0.005142565503010516,
  "rx_j_mean": 0.10788352000000437,
  "rx_j_std": 0.003826220396369292,
  "cpu_j_mean": 0.01796799999999975,
  "cpu_j_std": 0.0010333324731179607,
  "ctrl_hello_mean": 9760,
  "ctrl_hello_std": 774.8032008194081,
  "ctrl_cluster_mean": 488,
  "ctrl_cluster_std": 38.7401600409704,
  "ctrl_routing_mean": 976,
  "ctrl_routing_std": 77.4803200819408,
  "ctrl_trust_mean": 488,
  "ctrl_trust_std": 38.7401600409704,
  "nodes": 50,
  "noise": 0.2,
  "proto": "greedy"
}