{
  "n_motes": 9,
  "total_gen": 180,
  "pdr_mean": 0.6,
  "delay_mean": 0.02,
  "tx_j_sum_data": 0.009216,
  "rx_j_sum_data": 0.009216,
  "cpu_j_sum_data": 0.0009000000000000001,
  "ctrl_hello_sum": 330,
  "ctrl_cluster_sum": 33,
  "ctrl_routing_sum": 33,
  "ctrl_trust_sum": 33,
  "ctrl_tx_j_sum": 0.0008238332185428699,
  "ctrl_rx_j_sum": 0.0030096,
  "ctrl_cpu_j_sum": 0.000585,
  "tx_j_sum_total": 0.010039833218542871,
  "rx_j_sum_total": 0.0122256,
  "cpu_j_sum_total": 0.0014850000000000004
}