mote_id,path_len,pdr_exp,delay_s,gen_count,tx_j_data,rx_j_data,cpu_j_data,ctrl_hello,ctrl_cluster,ctrl_routing,ctrl_trust,ctrl_tx_j,ctrl_rx_j,ctrl_cpu_j,tx_j_total,rx_j_total,cpu_j_total
1,1,0.6,0.02,20,0.001024,0.001024,0.0001,3,3,6,3,4.1707761141506416e-05,0.0001248,2.5e-05,0.0010657077611415063,0.0011488000000000002,0.000125
2,1,0.6,0.02,20,0.001024,0.001024,0.0001,4,4,8,4,4.1683199999999994e-05,0.00016639999999999998,2.5e-05,0.0010656832,0.0011904,0.000125
3,1,0.6,0.02,20,0.001024,0.001024,0.0001,3,3,6,3,4.1707761141506416e-05,0.0001248,2.5e-05,0.0010657077611415063,0.0011488000000000002,0.000125
4,1,0.6,0.02,20,0.001024,0.001024,0.0001,4,4,8,4,4.174256532089799e-05,0.00016639999999999998,2.5e-05,0.001065742565320898,0.0011904,0.000125
5,1,0.6,0.02,20,0.001024,0.001024,0.0001,5,5,10,5,4.1719808e-05,0.000208,2.5e-05,0.0010657198079999997,0.001232,0.000125
6,1,0.6,0.02,20,0.001024,0.001024,0.0001,4,4,8,4,4.174256532089799e-05,0.00016639999999999998,2.5e-05,0.001065742565320898,0.0011904,0.000125
7,1,0.6,0.02,20,0.001024,0.001024,0.0001,3,3,6,3,4.1846356222811555e-05,0.0001248,2.5e-05,0.0010658463562228115,0.0011488000000000002,0.000125
8,1,0.6,0.02,20,0.001024,0.001024,0.0001,4,4,8,4,4.17872e-05,0.00016639999999999998,2.5e-05,0.0010657872,0.0011904,0.000125
9,1,0.6,0.02,20,0.001024,0.001024,0.0001,3,3,6,3,4.1846356222811555e-05,0.0001248,2.5e-05,0.0010658463562228115,0.0011488000000000002,0.000125
