{
  "n_motes": 9,
  "total_gen": 180,
  "pdr_mean": 0.6,
  "delay_mean": 0.02,
  "tx_j_sum_data": 0.009216,
  "rx_j_sum_data": 0.009216,
  "cpu_j_sum_data": 0.0009000000000000001,
  "ctrl_hello_sum": 33,
  "ctrl_cluster_sum": 33,
  "ctrl_routing_sum": 132,
  "ctrl_trust_sum": 33,
  "ctrl_tx_j_sum": 0.0005203157169744442,
  "ctrl_rx_j_sum": 0.0019008000000000002,
  "ctrl_cpu_j_sum": 0.000315,
  "tx_j_sum_total": 0.009736315716974444,
  "rx_j_sum_total": 0.011116800000000001,
  "cpu_j_sum_total": 0.0012150000000000004
}