mote_id,path_len,pdr_exp,delay_s,gen_count,tx_j_data,rx_j_data,cpu_j_data,ctrl_hello,ctrl_cluster,ctrl_routing,ctrl_trust,ctrl_tx_j,ctrl_rx_j,ctrl_cpu_j,tx_j_total,rx_j_total,cpu_j_total
1,1,0.6,0.02,20,0.001024,0.001024,0.0001,6,3,3,3,4.010361648221771e-05,0.00011999999999999999,2.5e-05,0.0010641036164822178,0.001144,0.000125
2,1,0.6,0.02,20,0.001024,0.001024,0.0001,8,4,4,4,4.0079999999999996e-05,0.00015999999999999999,2.5e-05,0.00106408,0.001184,0.000125
3,1,0.6,0.02,20,0.001024,0.001024,0.0001,6,3,3,3,4.010361648221771e-05,0.00011999999999999999,2.5e-05,0.0010641036164822178,0.001144,0.000125
4,1,0.6,0.02,20,0.001024,0.001024,0.0001,8,4,4,4,4.013708203932499e-05,0.00015999999999999999,2.5e-05,0.0010641370820393251,0.001184,0.000125
5,1,0.6,0.02,20,0.001024,0.001024,0.0001,10,5,5,5,4.01152e-05,0.0002,2.5e-05,0.0010641151999999999,0.001224,0.000125
6,1,0.6,0.02,20,0.001024,0.001024,0.0001,8,4,4,4,4.013708203932499e-05,0.00015999999999999999,2.5e-05,0.0010641370820393251,0.001184,0.000125
7,1,0.6,0.02,20,0.001024,0.001024,0.0001,6,3,3,3,4.023688098347265e-05,0.00011999999999999999,2.5e-05,0.0010642368809834727,0.001144,0.000125
8,1,0.6,0.02,20,0.001024,0.001024,0.0001,8,4,4,4,4.018e-05,0.00015999999999999999,2.5e-05,0.0010641799999999999,0.001184,0.000125
9,1,0.6,0.02,20,0.001024,0.001024,0.0001,6,3,3,3,4.023688098347265e-05,0.00011999999999999999,2.5e-05,0.0010642368809834727,0.001144,0.000125
