{
  "pdr_mean": 0.25304018606742146,
  "pdr_std": 0.008196603396955156,
  "delay_mean": 0.05789069304269952,
  "delay_std": 0.0009513404734756354,
  "hops_mean": 2.1195664280074458,
  "hops_std": 0.025607505748492933,
  "tx_j_mean": 3.355227397498717,
  "tx_j_std": 0.041835609652869275,
  "rx_j_mean": 14.413053440235403,
  "rx_j_std": 0.39337350736907734,
  "cpu_j_mean": 0.7134800000004321,
  "cpu_j_std": 0.00483758617496463,
  "ctrl_hello_mean": 1658720,
  "ctrl_hello_std": 49862.78772792392,
  "ctrl_cluster_mean": 82936,
  "ctrl_cluster_std": 2493.1393863961957,
  "ctrl_routing_mean": 165872,
  "ctrl_routing_std": 4986.2787727923915,
  "ctrl_trust_mean": 58055.2,
  "ctrl_trust_std": 1745.1975704773372,
  "nodes": 200,
  "noise": 0.2,
  "proto": "greedy"
}