{
  "pdr_mean": 0.058587301636363324,
  "pdr_std": 0.019677840221748445,
  "delay_mean": 0.07194039644565962,
  "delay_std": 0.007834153933596343,
  "hops_mean": 2.0,
  "hops_std": 0.0,
  "tx_j_mean": 0.2560517870917183,
  "tx_j_std": 0.028831643192210377,
  "rx_j_mean": 0.375045120000173,
  "rx_j_std": 0.012018460058191995,
  "cpu_j_mean": 0.03894799999999966,
  "cpu_j_std": 0.0021475791021516332,
  "ctrl_hello_mean": 40864,
  "ctrl_hello_std": 1539.5791632780692,
  "ctrl_cluster_mean": 2043.2,
  "ctrl_cluster_std": 76.97895816390347,
  "ctrl_routing_mean": 4086.4,
  "ctrl_routing_std": 153.95791632780694,
  "ctrl_trust_mean": 2043.2,
  "ctrl_trust_std": 76.97895816390347,
  "nodes": 100,
  "noise": 0.2,
  "proto": "leach"
}