{
  "pdr_mean": 0.3365464456501177,
  "pdr_std": 0.01151687291751683,
  "delay_mean": 0.05800942987395496,
  "delay_std": 0.0007888478235545886,
  "hops_mean": 2.145866548961681,
  "hops_std": 0.036071270197446076,
  "tx_j_mean": 3.328584290111719,
  "tx_j_std": 0.05085026080983918,
  "rx_j_mean": 14.380551680235643,
  "rx_j_std": 0.3902641609121177,
  "cpu_j_mean": 0.7140520000004362,
  "cpu_j_std": 0.004688481203992093,
  "ctrl_hello_mean": 1658720,
  "ctrl_hello_std": 49862.78772792392,
  "ctrl_cluster_mean": 82936,
  "ctrl_cluster_std": 2493.1393863961957,
  "ctrl_routing_mean": 165872,
  "ctrl_routing_std": 4986.2787727923915,
  "ctrl_trust_mean": 58055.2,
  "ctrl_trust_std": 1745.1975704773372,
  "nodes": 200,
  "noise": 0.0,
  "proto": "greedy"
}