{
  "pdr_mean": 0.3819317601766265,
  "pdr_std": 0.005084469536232428,
  "delay_mean": 0.0602194813409232,
  "delay_std": 0.0011998734977862364,
  "hops_mean": 2.681425258275353,
  "hops_std": 0.060510225595614475,
  "tx_j_mean": 0.3143902117398174,
  "tx_j_std": 0.0015546816426793841,
  "rx_j_mean": 0.4492288000002148,
  "rx_j_std": 0.01129600000002054,
  "cpu_j_mean": 0.07474000000000258,
  "cpu_j_std": 6.999999999992429e-05,
  "ctrl_hello_mean": 41600,
  "ctrl_hello_std": 1440.0,
  "ctrl_cluster_mean": 2080,
  "ctrl_cluster_std": 72.0,
  "ctrl_routing_mean": 4160,
  "ctrl_routing_std": 144.0,
  "ctrl_trust_mean": 1560,
  "ctrl_trust_std": 54.0,
  "nodes": 50,
  "noise": 0.0,
  "proto": "trusthr"
}