{
  "pdr_mean": 0.026398199807029992,
  "pdr_std": 0.0138424086501577,
  "delay_mean": 0.06977752923751239,
  "delay_std": 0.001124112331302745,
  "hops_mean": 2.0,
  "hops_std": 0.0,
  "tx_j_mean": 4.985331646685366,
  "tx_j_std": 0.10258881719232589,
  "rx_j_mean": 13.975150080240274,
  "rx_j_std": 0.4048315623903151,
  "cpu_j_mean": 0.7386960000005105,
  "cpu_j_std": 0.007978505123165839,
  "ctrl_hello_mean": 1658720,
  "ctrl_hello_std": 49862.78772792392,
  "ctrl_cluster_mean": 82936,
  "ctrl_cluster_std": 2493.1393863961957,
  "ctrl_routing_mean": 165872,
  "ctrl_routing_std": 4986.2787727923915,
  "ctrl_trust_mean": 58055.2,
  "ctrl_trust_std": 1745.1975704773372,
  "nodes": 200,
  "noise": 0.2,
  "proto": "heed"
}