mote_id,path_len,pdr_exp,delay_s,gen_count,tx_j_data,rx_j_data,cpu_j_data,ctrl_hello,ctrl_cluster,ctrl_routing,ctrl_trust,ctrl_tx_j,ctrl_rx_j,ctrl_cpu_j,tx_j_total,rx_j_total,cpu_j_total
1,1,0.6,0.02,20,0.001024,0.001024,0.0001,30,3,3,3,9.143624557945636e-05,0.0002736,6.500000000000001e-05,0.0011154362455794563,0.0012976,0.00016500000000000005
2,1,0.6,0.02,20,0.001024,0.001024,0.0001,40,4,4,4,9.13824e-05,0.00036480000000000003,6.500000000000001e-05,0.0011153824,0.0013888,0.00016500000000000005
3,1,0.6,0.02,20,0.001024,0.001024,0.0001,30,3,3,3,9.143624557945636e-05,0.0002736,6.500000000000001e-05,0.0011154362455794563,0.0012976,0.00016500000000000005
4,1,0.6,0.02,20,0.001024,0.001024,0.0001,40,4,4,4,9.151254704966098e-05,0.00036480000000000003,6.500000000000001e-05,0.0011155125470496611,0.0013888,0.00016500000000000005
5,1,0.6,0.02,20,0.001024,0.001024,0.0001,50,5,5,5,9.146265599999998e-05,0.0004559999999999999,6.500000000000001e-05,0.0011154626559999998,0.0014800000000000002,0.00016500000000000005
6,1,0.6,0.02,20,0.001024,0.001024,0.0001,40,4,4,4,9.151254704966098e-05,0.00036480000000000003,6.500000000000001e-05,0.0011155125470496611,0.0013888,0.00016500000000000005
7,1,0.6,0.02,20,0.001024,0.001024,0.0001,30,3,3,3,9.174008864231765e-05,0.0002736,6.500000000000001e-05,0.0011157400886423177,0.0012976,0.00016500000000000005
8,1,0.6,0.02,20,0.001024,0.001024,0.0001,40,4,4,4,9.16104e-05,0.00036480000000000003,6.500000000000001e-05,0.0011156103999999999,0.0013888,0.00016500000000000005
9,1,0.6,0.02,20,0.001024,0.001024,0.0001,30,3,3,3,9.174008864231765e-05,0.0002736,6.500000000000001e-05,0.0011157400886423177,0.0012976,0.00016500000000000005
