cpu_j_mean,cpu_j_std,delay_mean,delay_std,group,hops_mean,hops_std,label,pdr_mean,pdr_std,rx_j_mean,rx_j_std,sod_trigger_ratio,tx_j_mean,tx_j_std
0.18086200000000002,0,0.0604252,0.00267716262113455,Trust,2.4527086000000002,0.22771603180013472,Trust:off,0.258267,0.023732222809926585,1.0673716,0,,0.8063891200000001,0
0.18179800000000002,0,0.059899999999999995,0.002854475696165582,Trust,2.4685702,0.26470021213006245,Trust:alpha=0.2,0.26102400000000003,0.03129974586158807,1.06937884,0,,0.8084542599999999,0
0.181646,0,0.059616999999999996,0.00209707677494173,Trust,2.529422,0.1745661071070213,Trust:alpha=0.35,0.279525,0.0129202550477922,1.0673101200000001,0,,0.7966371400000001,0
0.18652599999999997,0,0.0617496,0.002811950977524321,Trust,2.9407989999999997,0.33182971888681095,Trust:alpha=0.5,0.30283859999999996,0.03207499702727968,1.07733508,0,,0.79314814,0
0.201234,0,0.0682614,0.00804132071242032,Trust,3.9288542,0.8897366378739272,Trust:alpha=0.65,0.34359339999999994,0.032175085327004194,1.1107787999999998,0,,0.7992893000000001,0
0.213034,0,0.07597060000000001,0.0061388242603938456,Trust,4.6137818,0.7969391905275458,Trust:alpha=0.8,0.39459399999999994,0.05570686273252158,1.1358464,0,,0.7894667200000001,0
0.181702,0,0.060668999999999994,0.0031825054595396992,SoD,2.4606357999999995,0.2306117603304306,No-SoD,0.3375998,0.03288997370324276,1.06142224,0,1.0,0.8081749800000001,0
0.129386,0,0.078457,0.0052652025127244645,SoD,4.1801452,0.46391060083350116,SoD,0.22680000000000003,0.04492994547069916,0.9502976000000001,0,0.1,0.5130958999999999,0
