{
  "gat_losses": [
    0.617171585559845,
    0.5907307267189026,
    0.5656316876411438,
    0.5416141152381897,
    0.5185547471046448,
    0.4963604509830475,
    0.47495168447494507,
    0.45426666736602783,
    0.43425941467285156,
    0.41489845514297485,
    0.3961655795574188,
    0.37805014848709106,
    0.3605421781539917,
    0.3436277210712433,
    0.32728859782218933,
    0.311506062746048,
    0.29626601934432983,
    0.2815626263618469,
    0.26739853620529175,
    0.2537823021411896
  ],
  "lstm_losses": [
    768.8181762695312,
    766.5376586914062,
    764.491943359375,
    762.8087768554688,
    760.221435546875,
    754.8297729492188,
    752.574951171875,
    750.6205444335938,
    748.6409301757812,
    746.6411743164062,
    744.6272583007812,
    742.6035766601562,
    740.5731201171875,
    738.5382080078125,
    736.5003051757812,
    734.4607543945312,
    732.4207153320312,
    730.380859375,
    728.3418579101562,
    726.3041381835938,
    724.2684326171875,
    722.235107421875,
    720.2041625976562,
    718.1760864257812,
    716.1511840820312,
    714.12939453125,
    712.111083984375,
    710.0964965820312,
    708.0856323242188,
    706.0784301757812
  ],
  "gat_trained": true,
  "lstm_trained": true
}