{
  "lstm_losses": [
    1.1669062376022339,
    1.146265983581543,
    1.1480076313018799,
    1.1302491426467896,
    1.1219983100891113,
    1.1232672929763794,
    1.1120065450668335,
    1.1087698936462402,
    1.101264476776123,
    1.0831762552261353,
    1.0605692863464355,
    1.0626739263534546,
    1.0491269826889038,
    1.0505470037460327,
    1.0510770082473755,
    1.0346732139587402,
    1.0388474464416504,
    1.026236653327942,
    1.0183511972427368,
    1.0041937828063965
  ],
  "data_source": "Intel Berkeley Lab (Memory Optimized Fixed)",
  "training_samples": 318,
  "nodes_used": 6
}