{
  "n_motes": 9,
  "total_gen": 180,
  "pdr_mean": 0.6,
  "delay_mean": 0.02,
  "tx_j_sum_data": 0.009314303999999999,
  "rx_j_sum_data": 0.009216,
  "cpu_j_sum_data": 0.0009000000000000001,
  "ctrl_hello_sum": 33,
  "ctrl_cluster_sum": 33,
  "ctrl_routing_sum": 33,
  "ctrl_trust_sum": 33,
  "ctrl_tx_j_sum": 0.0003035175015684258,
  "ctrl_rx_j_sum": 0.0011088000000000003,
  "ctrl_cpu_j_sum": 0.00018,
  "tx_j_sum_total": 0.009617821501568426,
  "rx_j_sum_total": 0.0103248,
  "cpu_j_sum_total": 0.00108
}