{
  "pdr_mean": 0.11285273942824382,
  "pdr_std": 0.02073655635040872,
  "delay_mean": 0.06626082332134539,
  "delay_std": 0.001483841041591917,
  "hops_mean": 2.0,
  "hops_std": 0.0,
  "tx_j_mean": 4.859609748657944,
  "tx_j_std": 0.19734224842196746,
  "rx_j_mean": 14.013928960239996,
  "rx_j_std": 0.3908019334223863,
  "cpu_j_mean": 0.8064480000006724,
  "cpu_j_std": 0.01091587174717047,
  "ctrl_hello_mean": 1658720,
  "ctrl_hello_std": 49862.78772792392,
  "ctrl_cluster_mean": 82936,
  "ctrl_cluster_std": 2493.1393863961957,
  "ctrl_routing_mean": 165872,
  "ctrl_routing_std": 4986.2787727923915,
  "ctrl_trust_mean": 58055.2,
  "ctrl_trust_std": 1745.1975704773372,
  "nodes": 200,
  "noise": 0.2,
  "proto": "leach"
}