{
  "n_runs": 10,
  "generated_sum": 7000,
  "delivered_sum": 2686,
  "pdr_mean": 0.3837142,
  "pdr_std": 0.04437122446110517,
  "delay_mean": 0.0633982,
  "delay_std": 0.0038084595544363854,
  "hops_mean": 3.0045680999999997,
  "hops_std": 0.3283626446105823,
  "tx_j_mean": 0.31450499,
  "rx_j_mean": 0.5953715199999999,
  "cpu_j_mean": 0.081514,
  "attack_active_rounds_mean": 110.0,
  "attack_compromised_mean": 5.0,
  "drop_blackhole_mean": 0.0,
  "drop_grayhole_mean": 0.0,
  "sinkhole_choices_mean": 228.2,
  "trust_updates_mean": 6000.0,
  "malicious_detected_mean": 160.7
}