{
  "n_runs": 5,
  "generated_sum": 9943,
  "delivered_sum": 3361,
  "pdr_mean": 0.3375998,
  "pdr_std": 0.03288997370324276,
  "delay_mean": 0.060668999999999994,
  "delay_std": 0.0031825054595396992,
  "hops_mean": 2.4606357999999995,
  "hops_std": 0.2306117603304306,
  "tx_j_mean": 0.8081749800000001,
  "rx_j_mean": 1.06142224,
  "cpu_j_mean": 0.181702
}