{
  "n_runs": 5,
  "generated_sum": 5000,
  "delivered_sum": 1134,
  "pdr_mean": 0.22680000000000003,
  "pdr_std": 0.04492994547069916,
  "delay_mean": 0.078457,
  "delay_std": 0.0052652025127244645,
  "hops_mean": 4.1801452,
  "hops_std": 0.46391060083350116,
  "tx_j_mean": 0.5130958999999999,
  "rx_j_mean": 0.9502976000000001,
  "cpu_j_mean": 0.129386
}