{
  "n_runs": 5,
  "generated_sum": 9932,
  "delivered_sum": 3013,
  "pdr_mean": 0.30283859999999996,
  "pdr_std": 0.03207499702727968,
  "delay_mean": 0.0617496,
  "delay_std": 0.002811950977524321,
  "hops_mean": 2.9407989999999997,
  "hops_std": 0.33182971888681095,
  "tx_j_mean": 0.79314814,
  "rx_j_mean": 1.07733508,
  "cpu_j_mean": 0.18652599999999997
}