{
  "n_runs": 5,
  "generated_sum": 9975,
  "delivered_sum": 2608,
  "pdr_mean": 0.26102400000000003,
  "pdr_std": 0.03129974586158807,
  "delay_mean": 0.059899999999999995,
  "delay_std": 0.002854475696165582,
  "hops_mean": 2.4685702,
  "hops_std": 0.26470021213006245,
  "tx_j_mean": 0.8084542599999999,
  "rx_j_mean": 1.06937884,
  "cpu_j_mean": 0.18179800000000002
}