{
  "n_runs": 5,
  "generated_sum": 9912,
  "delivered_sum": 2772,
  "pdr_mean": 0.279525,
  "pdr_std": 0.0129202550477922,
  "delay_mean": 0.059616999999999996,
  "delay_std": 0.00209707677494173,
  "hops_mean": 2.529422,
  "hops_std": 0.1745661071070213,
  "tx_j_mean": 0.7966371400000001,
  "rx_j_mean": 1.0673101200000001,
  "cpu_j_mean": 0.181646
}