{
  "n_runs": 5,
  "generated_sum": 9938,
  "delivered_sum": 2570,
  "pdr_mean": 0.258267,
  "pdr_std": 0.023732222809926585,
  "delay_mean": 0.0604252,
  "delay_std": 0.00267716262113455,
  "hops_mean": 2.4527086000000002,
  "hops_std": 0.22771603180013472,
  "tx_j_mean": 0.8063891200000001,
  "rx_j_mean": 1.0673716,
  "cpu_j_mean": 0.18086200000000002
}