{
  "n_runs": 5,
  "generated_sum": 9929,
  "delivered_sum": 3926,
  "pdr_mean": 0.39459399999999994,
  "pdr_std": 0.05570686273252158,
  "delay_mean": 0.07597060000000001,
  "delay_std": 0.0061388242603938456,
  "hops_mean": 4.6137818,
  "hops_std": 0.7969391905275458,
  "tx_j_mean": 0.7894667200000001,
  "rx_j_mean": 1.1358464,
  "cpu_j_mean": 0.213034
}