{
  "n_runs": 5,
  "generated_sum": 9956,
  "delivered_sum": 3424,
  "pdr_mean": 0.34359339999999994,
  "pdr_std": 0.032175085327004194,
  "delay_mean": 0.0682614,
  "delay_std": 0.00804132071242032,
  "hops_mean": 3.9288542,
  "hops_std": 0.8897366378739272,
  "tx_j_mean": 0.7992893000000001,
  "rx_j_mean": 1.1107787999999998,
  "cpu_j_mean": 0.201234
}