{
  "pdr_mean": 0.07449897916313489,
  "pdr_std": 0.006069741216012031,
  "delay_mean": 0.07322638146167562,
  "delay_std": 0.0004991087344028561,
  "hops_mean": 2.0,
  "hops_std": 0.0,
  "tx_j_mean": 0.47946369362976266,
  "tx_j_std": 0.01023819683895194,
  "rx_j_mean": 0.41241600000016987,
  "rx_j_std": 0.011808000000013669,
  "cpu_j_mean": 0.0715200000000008,
  "cpu_j_std": 0.0014300000000009375,
  "ctrl_hello_mean": 41600,
  "ctrl_hello_std": 1440.0,
  "ctrl_cluster_mean": 2080,
  "ctrl_cluster_std": 72.0,
  "ctrl_routing_mean": 4160,
  "ctrl_routing_std": 144.0,
  "ctrl_trust_mean": 1560,
  "ctrl_trust_std": 54.0,
  "nodes": 50,
  "noise": 0.0,
  "proto": "heed"
}