{
  "pdr_mean": 0.36746250454045076,
  "pdr_std": 0.0171921921163271,
  "delay_mean": 0.06052976539201332,
  "delay_std": 0.003085545676593704,
  "hops_mean": 2.4548371346231552,
  "hops_std": 0.15814013072115815,
  "tx_j_mean": 0.1565418519043246,
  "tx_j_std": 0.006888343806316177,
  "rx_j_mean": 0.38861312000019044,
  "rx_j_std": 0.011998889864407017,
  "cpu_j_mean": 0.03643200000000007,
  "cpu_j_std": 0.0013514199939321538,
  "ctrl_hello_mean": 40864,
  "ctrl_hello_std": 1539.5791632780692,
  "ctrl_cluster_mean": 2043.2,
  "ctrl_cluster_std": 76.97895816390347,
  "ctrl_routing_mean": 4086.4,
  "ctrl_routing_std": 153.95791632780694,
  "ctrl_trust_mean": 2043.2,
  "ctrl_trust_std": 76.97895816390347,
  "nodes": 100,
  "noise": 0.0,
  "proto": "trusthr"
}