{
  "pdr_mean": 0.28703799598002616,
  "pdr_std": 0.043609360286253104,
  "delay_mean": 0.06275323433044652,
  "delay_std": 0.0045433372464124535,
  "hops_mean": 2.8353402405114854,
  "hops_std": 0.3803073692192624,
  "tx_j_mean": 0.07801447283478774,
  "tx_j_std": 0.005705739771430372,
  "rx_j_mean": 0.10890752000000412,
  "rx_j_std": 0.003986998441132739,
  "cpu_j_mean": 0.018555999999999753,
  "cpu_j_std": 0.001232194789795894,
  "ctrl_hello_mean": 9760,
  "ctrl_hello_std": 774.8032008194081,
  "ctrl_cluster_mean": 488,
  "ctrl_cluster_std": 38.7401600409704,
  "ctrl_routing_mean": 976,
  "ctrl_routing_std": 77.4803200819408,
  "ctrl_trust_mean": 488,
  "ctrl_trust_std": 38.7401600409704,
  "nodes": 50,
  "noise": 0.2,
  "proto": "trusthr"
}