{
  "pdr_mean": 0.06650993572641822,
  "pdr_std": 0.04666993390391311,
  "delay_mean": 0.05481385281385281,
  "delay_std": 0.02826900684162909,
  "hops_mean": 1.6,
  "hops_std": 0.8,
  "tx_j_mean": 0.12493467856083428,
  "tx_j_std": 0.030732413205801827,
  "rx_j_mean": 0.10082816000000462,
  "rx_j_std": 0.0033292492424569485,
  "cpu_j_mean": 0.018395999999999742,
  "cpu_j_std": 0.0016986300362351627,
  "ctrl_hello_mean": 9760,
  "ctrl_hello_std": 774.8032008194081,
  "ctrl_cluster_mean": 488,
  "ctrl_cluster_std": 38.7401600409704,
  "ctrl_routing_mean": 976,
  "ctrl_routing_std": 77.4803200819408,
  "ctrl_trust_mean": 488,
  "ctrl_trust_std": 38.7401600409704,
  "nodes": 50,
  "noise": 0.2,
  "proto": "leach"
}