{
  "pdr_mean": 0.3596432344484455,
  "pdr_std": 0.011100775639826949,
  "delay_mean": 0.057396042053184756,
  "delay_std": 8.695114409400587e-05,
  "hops_mean": 2.3154112554112554,
  "hops_std": 0.07731601731601723,
  "tx_j_mean": 0.31322166800190465,
  "tx_j_std": 0.002001945909682723,
  "rx_j_mean": 0.44124160000020135,
  "rx_j_std": 0.011654400000015774,
  "cpu_j_mean": 0.0711500000000006,
  "cpu_j_std": 0.0002200000000002894,
  "ctrl_hello_mean": 41600,
  "ctrl_hello_std": 1440.0,
  "ctrl_cluster_mean": 2080,
  "ctrl_cluster_std": 72.0,
  "ctrl_routing_mean": 4160,
  "ctrl_routing_std": 144.0,
  "ctrl_trust_mean": 1560,
  "ctrl_trust_std": 54.0,
  "nodes": 50,
  "noise": 0.0,
  "proto": "greedy"
}