mote_id,path_len,pdr_exp,delay_s,gen_count,tx_j_data,rx_j_data,cpu_j_data,ctrl_hello,ctrl_cluster,ctrl_routing,ctrl_trust,ctrl_tx_j,ctrl_rx_j,ctrl_cpu_j,tx_j_total,rx_j_total,cpu_j_total
1,1,0.6,0.02,20,0.001028096,0.001024,0.0001,60,3,3,3,0.00015560203195100471,0.0004656,0.000115,0.0011836980319510047,0.0014896,0.00021500000000000005
2,1,0.6,0.02,20,0.0010260479999999999,0.001024,0.0001,80,4,4,4,0.0001555104,0.0006207999999999999,0.000115,0.0011815584,0.0016448,0.00021500000000000005
3,1,0.6,0.02,20,0.001028096,0.001024,0.0001,60,3,3,3,0.00015560203195100471,0.0004656,0.000115,0.0011836980319510047,0.0014896,0.00021500000000000005
4,1,0.6,0.02,20,0.0010342399999999999,0.001024,0.0001,80,4,4,4,0.00015573187831258097,0.0006207999999999999,0.000115,0.001189971878312581,0.0016448,0.00021500000000000005
5,1,0.6,0.02,20,0.001032192,0.001024,0.0001,100,5,5,5,0.00015564697599999996,0.0007759999999999999,0.000115,0.0011878389759999999,0.0018000000000000002,0.00021500000000000005
6,1,0.6,0.02,20,0.0010342399999999999,0.001024,0.0001,80,4,4,4,0.00015573187831258097,0.0006207999999999999,0.000115,0.001189971878312581,0.0016448,0.00021500000000000005
7,1,0.6,0.02,20,0.00104448,0.001024,0.0001,60,3,3,3,0.00015611909821587388,0.0004656,0.000115,0.001200599098215874,0.0014896,0.00021500000000000005
8,1,0.6,0.02,20,0.001042432,0.001024,0.0001,80,4,4,4,0.0001558984,0.0006207999999999999,0.000115,0.0011983304,0.0016448,0.00021500000000000005
9,1,0.6,0.02,20,0.00104448,0.001024,0.0001,60,3,3,3,0.00015611909821587388,0.0004656,0.000115,0.001200599098215874,0.0014896,0.00021500000000000005
