mote_id,path_len,pdr_exp,delay_s,gen_count,tx_j_data,rx_j_data,cpu_j_data,ctrl_hello,ctrl_cluster,ctrl_routing,ctrl_trust,ctrl_tx_j,ctrl_rx_j,ctrl_cpu_j,tx_j_total,rx_j_total,cpu_j_total
1,1,0.6,0.02,20,0.001028096,0.001024,0.0001,3,3,60,3,0.00018608078047749015,0.0005568000000000001,0.000115,0.0012141767804774901,0.0015808,0.00021500000000000002
2,1,0.6,0.02,20,0.0010260479999999999,0.001024,0.0001,4,4,80,4,0.00018597119999999999,0.0007423999999999999,0.000115,0.0012120192,0.0017664,0.00021500000000000002
3,1,0.6,0.02,20,0.001028096,0.001024,0.0001,3,3,60,3,0.00018608078047749015,0.0005568000000000001,0.000115,0.0012141767804774901,0.0015808,0.00021500000000000002
4,1,0.6,0.02,20,0.0010342399999999999,0.001024,0.0001,4,4,80,4,0.00018623606066246797,0.0007423999999999999,0.000115,0.0012204760606624677,0.0017664,0.00021500000000000002
5,1,0.6,0.02,20,0.001032192,0.001024,0.0001,5,5,100,5,0.00018613452800000002,0.0009279999999999999,0.000115,0.0012183265279999997,0.001952,0.00021500000000000002
6,1,0.6,0.02,20,0.0010342399999999999,0.001024,0.0001,4,4,80,4,0.00018623606066246797,0.0007423999999999999,0.000115,0.0012204760606624677,0.0017664,0.00021500000000000002
7,1,0.6,0.02,20,0.00104448,0.001024,0.0001,3,3,60,3,0.0001866991277633131,0.0005568000000000001,0.000115,0.0012311791277633132,0.0015808,0.00021500000000000002
8,1,0.6,0.02,20,0.001042432,0.001024,0.0001,4,4,80,4,0.0001864352,0.0007423999999999999,0.000115,0.0012288672,0.0017664,0.00021500000000000002
9,1,0.6,0.02,20,0.00104448,0.001024,0.0001,3,3,60,3,0.0001866991277633131,0.0005568000000000001,0.000115,0.0012311791277633132,0.0015808,0.00021500000000000002
