mote_id,path_len,pdr_exp,delay_s,gen_count,tx_j_data,rx_j_data,cpu_j_data,ctrl_hello,ctrl_cluster,ctrl_routing,ctrl_trust,ctrl_tx_j,ctrl_rx_j,ctrl_cpu_j,tx_j_total,rx_j_total,cpu_j_total
1,1,0.6,0.02,20,0.001028096,0.001024,0.0001,3,3,12,3,5.77492077343935e-05,0.0001728,3.5000000000000004e-05,0.0010858452077343935,0.0011968,0.00013500000000000003
2,1,0.6,0.02,20,0.0010260479999999999,0.001024,0.0001,4,4,16,4,5.771519999999999e-05,0.00023040000000000002,3.5000000000000004e-05,0.0010837632,0.0012544000000000001,0.00013500000000000003
3,1,0.6,0.02,20,0.001028096,0.001024,0.0001,3,3,12,3,5.77492077343935e-05,0.0001728,3.5000000000000004e-05,0.0010858452077343935,0.0011968,0.00013500000000000003
4,1,0.6,0.02,20,0.0010342399999999999,0.001024,0.0001,4,4,16,4,5.7797398136627984e-05,0.00023040000000000002,3.5000000000000004e-05,0.0010920373981366277,0.0012544000000000001,0.00013500000000000003
5,1,0.6,0.02,20,0.001032192,0.001024,0.0001,5,5,20,5,5.7765887999999996e-05,0.00028799999999999995,3.5000000000000004e-05,0.0010899578879999998,0.001312,0.00013500000000000003
6,1,0.6,0.02,20,0.0010342399999999999,0.001024,0.0001,4,4,16,4,5.7797398136627984e-05,0.00023040000000000002,3.5000000000000004e-05,0.0010920373981366277,0.0012544000000000001,0.00013500000000000003
7,1,0.6,0.02,20,0.00104448,0.001024,0.0001,3,3,12,3,5.7941108616200615e-05,0.0001728,3.5000000000000004e-05,0.0011024211086162006,0.0011968,0.00013500000000000003
8,1,0.6,0.02,20,0.001042432,0.001024,0.0001,4,4,16,4,5.785919999999999e-05,0.00023040000000000002,3.5000000000000004e-05,0.0011002912,0.0012544000000000001,0.00013500000000000003
9,1,0.6,0.02,20,0.00104448,0.001024,0.0001,3,3,12,3,5.7941108616200615e-05,0.0001728,3.5000000000000004e-05,0.0011024211086162006,0.0011968,0.00013500000000000003
