mote_id,path_len,pdr_exp,delay_s,gen_count,tx_j_data,rx_j_data,cpu_j_data,ctrl_hello,ctrl_cluster,ctrl_routing,ctrl_trust,ctrl_tx_j,ctrl_rx_j,ctrl_cpu_j,tx_j_total,rx_j_total,cpu_j_total
1,1,0.6,0.02,20,0.001028096,0.001024,0.0001,3,3,30,3,0.00010587354751305473,0.0003168,6.500000000000001e-05,0.0011339695475130547,0.0013408,0.00016500000000000003
2,1,0.6,0.02,20,0.0010260479999999999,0.001024,0.0001,4,4,40,4,0.0001058112,0.00042239999999999997,6.500000000000001e-05,0.0011318591999999999,0.0014464,0.00016500000000000003
3,1,0.6,0.02,20,0.001028096,0.001024,0.0001,3,3,30,3,0.00010587354751305473,0.0003168,6.500000000000001e-05,0.0011339695475130547,0.0013408,0.00016500000000000003
4,1,0.6,0.02,20,0.0010342399999999999,0.001024,0.0001,4,4,40,4,0.00010596189658381798,0.00042239999999999997,6.500000000000001e-05,0.0011402018965838178,0.0014464,0.00016500000000000003
5,1,0.6,0.02,20,0.001032192,0.001024,0.0001,5,5,50,5,0.000105904128,0.0005279999999999999,6.500000000000001e-05,0.0011380961279999998,0.001552,0.00016500000000000003
6,1,0.6,0.02,20,0.0010342399999999999,0.001024,0.0001,4,4,40,4,0.00010596189658381798,0.00042239999999999997,6.500000000000001e-05,0.0011402018965838178,0.0014464,0.00016500000000000003
7,1,0.6,0.02,20,0.00104448,0.001024,0.0001,3,3,30,3,0.0001062253657963678,0.0003168,6.500000000000001e-05,0.0011507053657963677,0.0013408,0.00016500000000000003
8,1,0.6,0.02,20,0.001042432,0.001024,0.0001,4,4,40,4,0.0001060752,0.00042239999999999997,6.500000000000001e-05,0.0011485072,0.0014464,0.00016500000000000003
9,1,0.6,0.02,20,0.00104448,0.001024,0.0001,3,3,30,3,0.0001062253657963678,0.0003168,6.500000000000001e-05,0.0011507053657963677,0.0013408,0.00016500000000000003
